No,Rarity,Id,Japanese Name,English Name,Civilization,Set,Reference,Price (Yen),Price (SGD),Qty
1,Over Rare,OR1/OR2,アビスベル＝ジャシン帝,Abyssbell = Jashin Emperor,Darkness,DM22-RP1,https://duelmasters.fandom.com/wiki/Abyssbell_%3D_Jashin_Emperor,180,1.57,0
2,Over Rare,OR2/OR2,ドラン・ゴルギーニ,Doran Gorghini,Light,DM22-RP1,https://duelmasters.fandom.com/wiki/Doran_Gorghini,180,1.57,0
3,Super Rare,S1/S8,油殿の精霊龍オイルマーネ,"Oilmane, Oil Lord Dragon Elemental",Light,DM22-RP1,"https://duelmasters.fandom.com/wiki/Oilmane,_Oil_Lord_Dragon_Elemental",180,1.57,0
4,Super Rare,S2/S8,シェケダン・ドメチアーレ,Shakedown Domeciale,Light,DM22-RP1,https://duelmasters.fandom.com/wiki/Shakedown_Domeciale,420,3.65,0
5,Super Rare,S3/S8,Drache der'Zen,Drache der`Zen,Water,DM22-RP1,https://duelmasters.fandom.com/wiki/Drache_der%60Zen,220,1.91,0
6,Super Rare,S4/S8,深淵の三咆哮バウワウジャ,"Bauwauja, Abyssal Three Roar",Darkness,DM22-RP1,"https://duelmasters.fandom.com/wiki/Bauwauja,_Abyssal_Three_Roar",180,1.57,0
7,Super Rare,S5/S8,ボルシャック・ヴァルケリー,Bolshack Valkyrie,Fire,DM22-RP1,https://duelmasters.fandom.com/wiki/Bolshack_Valkyrie,980,8.53,0
8,Super Rare,S6/S8,ボルシャック・フォース・ドラゴン,Bolshack Force Dragon,Fire,DM22-RP1,https://duelmasters.fandom.com/wiki/Bolshack_Force_Dragon,320,2.78,0
9,Super Rare,S7/S8,十番龍オービーメイカーPar100,"Orbimaker Par 100, Tenth Dragon",Nature,DM22-RP1,"https://duelmasters.fandom.com/wiki/Orbimaker_Par_100,_Tenth_Dragon",420,3.65,0
10,Super Rare,S8/S8,轟廻! グランドスラム・スコーピオン,Goukai! Grandslam Scorpion,Nature,DM22-RP1,https://duelmasters.fandom.com/wiki/Goukai!_Grandslam_Scorpion,180,1.57,0
11,Very Rare,1/74,赤翼の精霊エルラ・ルージュ,"Ella Rouge, Red Wings Elemental",Light,DM22-RP1,"https://duelmasters.fandom.com/wiki/Ella_Rouge,_Red_Wings_Elemental",120,1.04,0
12,Very Rare,2/74,ラクリマ・クロウラー,Lacryma Crawler,Water,DM22-RP1,https://duelmasters.fandom.com/wiki/Lacryma_Crawler,120,1.04,0
13,Very Rare,3/74,蒼き熱剣 デカベッタ,"Dekabetta, Blue Heat Sword",Water,DM22-RP1,"https://duelmasters.fandom.com/wiki/Dekabetta,_Blue_Heat_Sword",120,1.04,0
14,Very Rare,4/74,暗刻クロック＝クロニクル,"Clock = Chronicle, Dark Moment",Darkness,DM22-RP1,"https://duelmasters.fandom.com/wiki/Clock_%3D_Chronicle,_Dark_Moment",120,1.04,0
15,Very Rare,5/74,悪灯トーチ＝トートロット,"Torch = Totorot, Evil Light",Darkness,DM22-RP1,"https://duelmasters.fandom.com/wiki/Torch_%3D_Totorot,_Evil_Light",120,1.04,0
16,Very Rare,6/74,烈火大聖ソンクン,"Sonkun, Blazing Fire Great Saint",Fire,DM22-RP1,"https://duelmasters.fandom.com/wiki/Sonkun,_Blazing_Fire_Great_Saint",120,1.04,0
17,Very Rare,7/74,緑神龍リャンジャオ,Terradragon Liangjiao,Nature,DM22-RP1,https://duelmasters.fandom.com/wiki/Terradragon_Liangjiao,120,1.04,0
18,Very Rare,8/74,邪杯と魔術の決断,Perfect Curse Mind,Water/Darkness,DM22-RP1,https://duelmasters.fandom.com/wiki/Perfect_Curse_Mind,180,1.57,0
19,Rare,9/74,ジャマリーリョ-S8,Jamarillo-S8,Light,DM22-RP1,https://duelmasters.fandom.com/wiki/Jamarillo-S8,80,0.7,0
20,Rare,10/74,ブルトゥーラ－D1,Brutula-D1,Light,DM22-RP1,https://duelmasters.fandom.com/wiki/Brutula-D1,80,0.7,0
21,Rare,11/74,予言者マンプクルト,"Manptulk, the Oracle",Light,DM22-RP1,"https://duelmasters.fandom.com/wiki/Manptulk,_the_Oracle",80,0.7,0
22,Rare,12/74,AQNETWORK,Aqua Network,Water,DM22-RP1,https://duelmasters.fandom.com/wiki/Aqua_Network,320,2.78,0
23,Rare,13/74,♪目には青葉テレポーテーション初がつお,"♪ Green Leaves for Eyes, Teleportation Hatsugatsuo",Water,DM22-RP1,"https://duelmasters.fandom.com/wiki/%E2%99%AA_Green_Leaves_for_Eyes,_Teleportation_Hatsugatsuo",80,0.7,0
24,Rare,14/74,♪面白き こともなき墓地を面白く,♪ Making an Uninteresting Graveyard Interesting,Water,DM22-RP1,https://duelmasters.fandom.com/wiki/%E2%99%AA_Making_an_Uninteresting_Graveyard_Interesting,80,0.7,0
25,Rare,15/74,シャンデリア＝ベリア,Chandelier = Velia,Darkness,DM22-RP1,https://duelmasters.fandom.com/wiki/Chandelier_%3D_Velia,80,0.7,0
26,Rare,16/74,ナイフ＝アライフ,Knife = Alife,Darkness,DM22-RP1,https://duelmasters.fandom.com/wiki/Knife_%3D_Alife,80,0.7,0
27,Rare,17/74,邪侵入,Just In You,Darkness,DM22-RP1,https://duelmasters.fandom.com/wiki/Just_In_You,220,1.91,0
28,Rare,18/74,ドッペルデッカー・ワイバーン,Doppeldecker Wyvern,Fire,DM22-RP1,https://duelmasters.fandom.com/wiki/Doppeldecker_Wyvern,80,0.7,0
29,Rare,19/74,ボルシャック・テイル・ドラゴン,Bolshack Tail Dragon,Fire,DM22-RP1,https://duelmasters.fandom.com/wiki/Bolshack_Tail_Dragon,80,0.7,0
30,Rare,20/74,アニー・ルピア,Annie Lupia,Fire,DM22-RP1,https://duelmasters.fandom.com/wiki/Annie_Lupia,80,0.7,0
31,Rare,21/74,暴竜爵の爪,Raging Dragon's Claw,Fire,DM22-RP1,https://duelmasters.fandom.com/wiki/Raging_Dragon%27s_Claw,80,0.7,0
32,Rare,22/74,強振の超人,Fullswing Giant,Nature,DM22-RP1,https://duelmasters.fandom.com/wiki/Fullswing_Giant,80,0.7,0
33,Rare,23/74,コウバシポルチーニダケ,Koubashi Poruchinidake,Nature,DM22-RP1,https://duelmasters.fandom.com/wiki/Koubashi_Poruchinidake,80,0.7,0
34,Rare,24/74,2番ウッドのタイガーくん,No.2 Wood's Tiger-kun,Nature,DM22-RP1,https://duelmasters.fandom.com/wiki/No.2_Wood%27s_Tiger-kun,80,0.7,0
35,Rare,25/74,衝突型加速3番ブースト・ドライバー,"Boost Driver, Collision Type Acceleration 3-Speed",Nature,DM22-RP1,"https://duelmasters.fandom.com/wiki/Boost_Driver,_Collision_Type_Acceleration_3-Speed",80,0.7,0
36,Rare,26/74,森林と瀑布のレコード,Records of Forests and Waterfalls,Water/Nature,DM22-RP1,https://duelmasters.fandom.com/wiki/Records_of_Forests_and_Waterfalls,80,0.7,0
37,Uncommon,27/74,幾層の守り針亜,"Baria, Layered Guard",Light,DM22-RP1,"https://duelmasters.fandom.com/wiki/Baria,_Layered_Guard",50,0.43,0
38,Uncommon,28/74,アストマープル－T3,Astmaple-T3,Light,DM22-RP1,https://duelmasters.fandom.com/wiki/Astmaple-T3,80,0.7,0
39,Uncommon,29/74,巡霊者ヴニース,"Venise, the Patroller",Light,DM22-RP1,"https://duelmasters.fandom.com/wiki/Venise,_the_Patroller",50,0.43,0
40,Uncommon,30/74,監獄呪文「ピカビム」,"""Pikabim"", Prison Spell",Light,DM22-RP1,"https://duelmasters.fandom.com/wiki/%22Pikabim%22,_Prison_Spell",50,0.43,0
41,Uncommon,31/74,ハイパーソニック・ゴールデンタイヤ,Hypersonic Goldentire,Light,DM22-RP1,https://duelmasters.fandom.com/wiki/Hypersonic_Goldentire,50,0.43,0
42,Uncommon,32/74,ヨサノ・エレキハイカー,Yosano Elekihiker,Water,DM22-RP1,https://duelmasters.fandom.com/wiki/Yosano_Elekihiker,50,0.43,0
43,Uncommon,33/74,シンカイフォックス,Shinkaifox,Water,DM22-RP1,https://duelmasters.fandom.com/wiki/Shinkaifox,50,0.43,0
44,Uncommon,34/74,氷結呪文「フリズン」,"""Frizzen"", Freezing Spell",Water,DM22-RP1,"https://duelmasters.fandom.com/wiki/%22Frizzen%22,_Freezing_Spell",50,0.43,0
45,Uncommon,35/74,多目的タッチ短冊iZaq,"iZaq, Multiple Touch Tanzaku",Water,DM22-RP1,"https://duelmasters.fandom.com/wiki/IZaq,_Multiple_Touch_Tanzaku",50,0.43,0
46,Uncommon,36/74,電脳の海を彷徨うエレキギター,"Eleguitar, Wandering in the Cyber Sea",Water,DM22-RP1,"https://duelmasters.fandom.com/wiki/Eleguitar,_Wandering_in_the_Cyber_Sea",80,0.7,0
47,Uncommon,37/74,フォーク＝フォック,Fork = Fock,Darkness,DM22-RP1,https://duelmasters.fandom.com/wiki/Fork_%3D_Fock,50,0.43,0
48,Uncommon,38/74,レター＝ジェンゲガー,Letter = Jengegger,Darkness,DM22-RP1,https://duelmasters.fandom.com/wiki/Letter_%3D_Jengegger,50,0.43,0
49,Uncommon,39/74,落下男,Falling Man,Darkness,DM22-RP1,https://duelmasters.fandom.com/wiki/Falling_Man,50,0.43,0
50,Uncommon,40/74,闇々人形アイビー,"Ivy, Darkness Doll",Darkness,DM22-RP1,"https://duelmasters.fandom.com/wiki/Ivy,_Darkness_Doll",80,0.7,0
51,Uncommon,41/74,深淵の食卓,Abyss Diner,Darkness,DM22-RP1,https://duelmasters.fandom.com/wiki/Abyss_Diner,50,0.43,0
52,Uncommon,42/74,爆神兵ツヴァイラッド,Explosive Trooper Zweilad,Fire,DM22-RP1,https://duelmasters.fandom.com/wiki/Explosive_Trooper_Zweilad,50,0.43,0
53,Uncommon,43/74,惹起する若輩ジャイロ,"Gyro, Jack in Hijack",Fire,DM22-RP1,"https://duelmasters.fandom.com/wiki/Gyro,_Jack_in_Hijack",50,0.43,0
54,Uncommon,44/74,マッテ・ルピア,Matte Lupia,Fire,DM22-RP1,https://duelmasters.fandom.com/wiki/Matte_Lupia,50,0.43,0
55,Uncommon,45/74,炎玉呪文「ボヤン」,"""Boyan"", Fireball Spell",Fire,DM22-RP1,"https://duelmasters.fandom.com/wiki/%22Boyan%22,_Fireball_Spell",50,0.43,0
56,Uncommon,46/74,マルルの炎杖,Malulu's Flame Staff,Fire,DM22-RP1,https://duelmasters.fandom.com/wiki/Malulu%27s_Flame_Staff,50,0.43,0
57,Uncommon,47/74,プ・プリッチュ・タンク,Pu Pritsch Tank,Nature,DM22-RP1,https://duelmasters.fandom.com/wiki/Pu_Pritsch_Tank,50,0.43,0
58,Uncommon,48/74,ダイコン・リーガー,Daikon Leaguer,Nature,DM22-RP1,https://duelmasters.fandom.com/wiki/Daikon_Leaguer,80,0.7,0
59,Uncommon,49/74,キャディ・ビートル,Caddy Beetle,Nature,DM22-RP1,https://duelmasters.fandom.com/wiki/Caddy_Beetle,180,1.57,0
60,Uncommon,50/74,地割呪文「ドゴル」,"""Dogoru"", Ground Spell",Nature,DM22-RP1,"https://duelmasters.fandom.com/wiki/%22Dogoru%22,_Ground_Spell",50,0.43,0
61,Common,51/74,迎賓の守護者マディ・ム・ジーン,"Maddy Mu Jean, Reception Guardian",Light,DM22-RP1,"https://duelmasters.fandom.com/wiki/Maddy_Mu_Jean,_Reception_Guardian",30,0.26,0
62,Common,52/74,聖女の翼アクルクス,"Acrux, Saint Wings",Light,DM22-RP1,"https://duelmasters.fandom.com/wiki/Acrux,_Saint_Wings",30,0.26,0
63,Common,53/74,運搬の守護者アル・ハコブ,"Al Hakob, Transport Guardian",Light,DM22-RP1,"https://duelmasters.fandom.com/wiki/Al_Hakob,_Transport_Guardian",30,0.26,0
64,Common,54/74,権力のコイン,Coin of Power,Light,DM22-RP1,https://duelmasters.fandom.com/wiki/Coin_of_Power,30,0.26,0
65,Common,55/74,トロワ・サイン,Trois Sign,Light,DM22-RP1,https://duelmasters.fandom.com/wiki/Trois_Sign,30,0.26,0
66,Common,56/74,合唱魚,Gospeller Fish,Water,DM22-RP1,https://duelmasters.fandom.com/wiki/Gospeller_Fish,30,0.26,0
67,Common,57/74,鉄人轟砲クロガネ,"Kurogane, Roaring Cannon Ironman",Water,DM22-RP1,"https://duelmasters.fandom.com/wiki/Kurogane,_Roaring_Cannon_Ironman",30,0.26,0
68,Common,58/74,知識のコイン,Coin of Knowledge,Water,DM22-RP1,https://duelmasters.fandom.com/wiki/Coin_of_Knowledge,30,0.26,0
69,Common,59/74,♪古池や蛙飛び込む スパイラル,"♪ Old Pond and Frog Jump, Spiral",Water,DM22-RP1,"https://duelmasters.fandom.com/wiki/%E2%99%AA_Old_Pond_and_Frog_Jump,_Spiral",30,0.26,0
70,Common,60/74,キーロック＝デボック,Keylock = Debok,Darkness,DM22-RP1,https://duelmasters.fandom.com/wiki/Keylock_%3D_Debok,30,0.26,0
71,Common,61/74,ブック＝ラギルップ,Book = Ragirup,Darkness,DM22-RP1,https://duelmasters.fandom.com/wiki/Book_%3D_Ragirup,30,0.26,0
72,Common,62/74,スプーン＝ンプス,Spoon = Nps,Darkness,DM22-RP1,https://duelmasters.fandom.com/wiki/Spoon_%3D_Nps,50,0.43,0
73,Common,63/74,不幸のコイン,Coin of Bad Luck,Darkness,DM22-RP1,https://duelmasters.fandom.com/wiki/Coin_of_Bad_Luck,30,0.26,0
74,Common,64/74,精神呪文「ダラクマ」,"""Darakuma"", Spirit Spell",Darkness,DM22-RP1,"https://duelmasters.fandom.com/wiki/%22Darakuma%22,_Spirit_Spell",50,0.43,0
75,Common,65/74,先陣兵アインデッカー,"Eindecker, Vanguard",Fire,DM22-RP1,"https://duelmasters.fandom.com/wiki/Eindecker,_Vanguard",30,0.26,0
76,Common,66/74,斥候の旋風マーサ,"Martha, Scouting Whirlwind",Fire,DM22-RP1,"https://duelmasters.fandom.com/wiki/Martha,_Scouting_Whirlwind",30,0.26,0
77,Common,67/74,U・S・A・HOKKEEN,U・S・A・HOKKEEN,Fire,DM22-RP1,https://duelmasters.fandom.com/wiki/U%E3%83%BBS%E3%83%BBA%E3%83%BBHOKKEEN,30,0.26,0
78,Common,68/74,烈火のコイン,Coin of Raging Fire,Fire,DM22-RP1,https://duelmasters.fandom.com/wiki/Coin_of_Raging_Fire,30,0.26,0
79,Common,69/74,炎竜闘衣,Flame Dragon Battledress,Fire,DM22-RP1,https://duelmasters.fandom.com/wiki/Flame_Dragon_Battledress,50,0.43,0
80,Common,70/74,アヴェルショットのリスマン,Lisman's Avershot,Nature,DM22-RP1,https://duelmasters.fandom.com/wiki/Lisman%27s_Avershot,30,0.26,0
81,Common,71/74,打ち上げパーシモン,Launching Persimmon,Nature,DM22-RP1,https://duelmasters.fandom.com/wiki/Launching_Persimmon,30,0.26,0
82,Common,72/74,氷転妖精ウェッジ,"Wedge, Frozen Faerie",Nature,DM22-RP1,"https://duelmasters.fandom.com/wiki/Wedge,_Frozen_Faerie",30,0.26,0
83,Common,73/74,カタパルト・チャージ,Catapult Charge,Nature,DM22-RP1,https://duelmasters.fandom.com/wiki/Catapult_Charge,30,0.26,0
84,Common,74/74,繁茂のコイン,Coin of Prosperity,Nature,DM22-RP1,https://duelmasters.fandom.com/wiki/Coin_of_Prosperity,30,0.26,0
85,Secret SP Gold Rare,1S/2,アビスベル＝ジャシン帝,Abyssbell = Jashin Emperor,Darkness,DM22-RP1,https://duelmasters.fandom.com/wiki/Abyssbell_%3D_Jashin_Emperor,6980,60.73,0
86,Secret SP Gold Rare,2S/2,ドラン・ゴルギーニ,Doran Gorghini,Light,DM22-RP1,https://duelmasters.fandom.com/wiki/Doran_Gorghini,4980,43.33,0
87,Secret SP Rare,1B/10,アビスベル＝ジャシン帝,Abyssbell = Jashin Emperor,Darkness,DM22-RP1,https://duelmasters.fandom.com/wiki/Abyssbell_%3D_Jashin_Emperor,1780,15.49,0
88,Secret SP Rare,2B/10,ドラン・ゴルギーニ,Doran Gorghini,Light,DM22-RP1,https://duelmasters.fandom.com/wiki/Doran_Gorghini,980,8.53,0
89,Secret SP Rare,3B/10,油殿の精霊龍オイルマーネ,"Oilmane, Oil Lord Dragon Elemental",Light,DM22-RP1,"https://duelmasters.fandom.com/wiki/Oilmane,_Oil_Lord_Dragon_Elemental",320,2.78,0
90,Secret SP Rare,4B/10,シェケダン・ドメチアーレ,Shakedown Domeciale,Light,DM22-RP1,https://duelmasters.fandom.com/wiki/Shakedown_Domeciale,980,8.53,0
91,Secret SP Rare,5B/10,Drache der'Zen,Drache der`Zen,Water,DM22-RP1,https://duelmasters.fandom.com/wiki/Drache_der%60Zen,780,6.79,0
92,Secret SP Rare,6B/10,深淵の三咆哮バウワウジャ,"Bauwauja, Abyssal Three Roar",Darkness,DM22-RP1,"https://duelmasters.fandom.com/wiki/Bauwauja,_Abyssal_Three_Roar",500,4.35,0
93,Secret SP Rare,7B/10,ボルシャック・ヴァルケリー,Bolshack Valkyrie,Fire,DM22-RP1,https://duelmasters.fandom.com/wiki/Bolshack_Valkyrie,320,2.78,0
94,Secret SP Rare,8B/10,ボルシャック・フォース・ドラゴン,Bolshack Force Dragon,Fire,DM22-RP1,https://duelmasters.fandom.com/wiki/Bolshack_Force_Dragon,780,6.79,0
95,Secret SP Rare,9B/10,十番龍オービーメイカーPar100,"Orbimaker Par 100, Tenth Dragon",Nature,DM22-RP1,"https://duelmasters.fandom.com/wiki/Orbimaker_Par_100,_Tenth_Dragon",1280,11.14,0
96,Secret SP Rare,10B/10,轟廻! グランドスラム・スコーピオン,Goukai! Grandslam Scorpion,Nature,DM22-RP1,https://duelmasters.fandom.com/wiki/Goukai!_Grandslam_Scorpion,320,2.78,0
97,Secret Rare,1A/20,油殿の精霊龍オイルマーネ,"Oilmane, Oil Lord Dragon Elemental",Light,DM22-RP1,"https://duelmasters.fandom.com/wiki/Oilmane,_Oil_Lord_Dragon_Elemental",220,1.91,0
98,Secret Rare,2A/20,シェケダン・ドメチアーレ,Shakedown Domeciale,Light,DM22-RP1,https://duelmasters.fandom.com/wiki/Shakedown_Domeciale,580,5.05,0
99,Secret Rare,3A/20,Drache der'Zen,Drache der`Zen,Water,DM22-RP1,https://duelmasters.fandom.com/wiki/Drache_der%60Zen,420,3.65,0
100,Secret Rare,4A/20,深淵の三咆哮バウワウジャ,"Bauwauja, Abyssal Three Roar",Darkness,DM22-RP1,"https://duelmasters.fandom.com/wiki/Bauwauja,_Abyssal_Three_Roar",220,1.91,0
101,Secret Rare,5A/20,ボルシャック・ヴァルケリー,Bolshack Valkyrie,Fire,DM22-RP1,https://duelmasters.fandom.com/wiki/Bolshack_Valkyrie,980,8.53,0
102,Secret Rare,6A/20,ボルシャック・フォース・ドラゴン,Bolshack Force Dragon,Fire,DM22-RP1,https://duelmasters.fandom.com/wiki/Bolshack_Force_Dragon,500,4.35,0
103,Secret Rare,7A/20,十番龍オービーメイカーPar100,"Orbimaker Par 100, Tenth Dragon",Nature,DM22-RP1,"https://duelmasters.fandom.com/wiki/Orbimaker_Par_100,_Tenth_Dragon",780,6.79,0
104,Secret Rare,8A/20,轟廻! グランドスラム・スコーピオン,Goukai! Grandslam Scorpion,Nature,DM22-RP1,https://duelmasters.fandom.com/wiki/Goukai!_Grandslam_Scorpion,220,1.91,0
105,Secret Rare,9A/20,悪灯トーチ＝トートロット,"Torch = Totorot, Evil Light",Darkness,DM22-RP1,"https://duelmasters.fandom.com/wiki/Torch_%3D_Totorot,_Evil_Light",220,1.91,0
106,Secret Rare,10A/20,烈火大聖ソンクン,"Sonkun, Blazing Fire Great Saint",Fire,DM22-RP1,"https://duelmasters.fandom.com/wiki/Sonkun,_Blazing_Fire_Great_Saint",580,5.05,0
107,Secret Rare,11A/20,邪杯と魔術の決断,Perfect Curse Mind,Water/Darkness,DM22-RP1,https://duelmasters.fandom.com/wiki/Perfect_Curse_Mind,580,5.05,0
108,Secret Rare,12A/20,AQNETWORK,Aqua Network,Water,DM22-RP1,https://duelmasters.fandom.com/wiki/Aqua_Network,680,5.92,0
109,Secret Rare,13A/20,邪侵入,Just In You,Darkness,DM22-RP1,https://duelmasters.fandom.com/wiki/Just_In_You,780,6.79,0
110,Secret Rare,14A/20,ボルシャック・テイル・ドラゴン,Bolshack Tail Dragon,Fire,DM22-RP1,https://duelmasters.fandom.com/wiki/Bolshack_Tail_Dragon,980,8.53,0
111,Secret Rare,15A/20,アストマープル－T3,Astmaple-T3,Light,DM22-RP1,https://duelmasters.fandom.com/wiki/Astmaple-T3,420,3.65,0
112,Secret Rare,16A/20,深淵の食卓,Abyss Diner,Darkness,DM22-RP1,https://duelmasters.fandom.com/wiki/Abyss_Diner,180,1.57,0
113,Secret Rare,17A/20,キャディ・ビートル,Caddy Beetle,Nature,DM22-RP1,https://duelmasters.fandom.com/wiki/Caddy_Beetle,1280,11.14,0
114,Secret Rare,18A/20,運搬の守護者アル・ハコブ,"Al Hakob, Transport Guardian",Light,DM22-RP1,"https://duelmasters.fandom.com/wiki/Al_Hakob,_Transport_Guardian",180,1.57,0
115,Secret Rare,19A/20,精神呪文「ダラクマ」,"""Darakuma"", Spirit Spell",Darkness,DM22-RP1,"https://duelmasters.fandom.com/wiki/%22Darakuma%22,_Spirit_Spell",420,3.65,0
116,Secret Rare,20A/20,氷転妖精ウェッジ,"Wedge, Frozen Faerie",Nature,DM22-RP1,"https://duelmasters.fandom.com/wiki/Wedge,_Frozen_Faerie",220,1.91,0
117,Gold Treasure,SP1/SP5,王来英雄モモキングRX,"Momoking Rex, Orai Hero",Fire/Nature,DM22-RP1,"https://duelmasters.fandom.com/wiki/Momoking_Rex,_Orai_Hero",1980,17.23,0
118,Gold Treasure,SP2/SP5,音卿の精霊龍ラフルル・ラブ,"Rafululu Love, Acoustic Dragon Elemental / 「It's coming from the future, so it's a Miracle」",Light/Water,DM22-RP1,"https://duelmasters.fandom.com/wiki/Rafululu_Love,_Acoustic_Dragon_Elemental_/_%E3%80%8CIt%27s_coming_from_the_future,_so_it%27s_a_Miracle%E3%80%8D",39800,346.26,0
119,Gold Treasure,SP3/SP5,砕慄接続グレイトフル・ベン,"Grateful Ven, Connected Breaker Horror",Light/Darkness/Nature,DM22-RP1,"https://duelmasters.fandom.com/wiki/Grateful_Ven,_Connected_Breaker_Horror",9980,86.83,0
120,Gold Treasure,SP4/SP5,死神術士デスマーチ,"Death March, Reaper Puppeteer",Darkness,DM22-RP1,"https://duelmasters.fandom.com/wiki/Death_March,_Reaper_Puppeteer",9980,86.83,0
121,Gold Treasure,SP5/SP5,ベイBセガーレ,"Segare, Bei B",Nature,DM22-RP1,"https://duelmasters.fandom.com/wiki/Segare,_Bei_B",4980,43.33,0
122,Silver Treasure,TR1/TR10,龍騎旋竜ボルシャック・バルガ,"Bolshack Balga, Dragon Knight Wind Dragon",Fire,DM22-RP1,"https://duelmasters.fandom.com/wiki/Bolshack_Balga,_Dragon_Knight_Wind_Dragon",580,5.05,0
123,Silver Treasure,TR2/TR10,未来の法皇ミラダンテSF,"Miradante Super Future, Future Pope",Light/Water,DM22-RP1,"https://duelmasters.fandom.com/wiki/Miradante_Super_Future,_Future_Pope",500,4.35,0
124,Silver Treasure,TR3/TR10,次元の嵐スコーラー,"Scora, Dimensional Storm",Water,DM22-RP1,"https://duelmasters.fandom.com/wiki/Scora,_Dimensional_Storm",1480,12.88,0
125,Silver Treasure,TR4/TR10,フェルナンド・ソシュール,Fernando Sesseur / Primal Scream,Darkness,DM22-RP1,https://duelmasters.fandom.com/wiki/Fernando_Sesseur_/_Primal_Scream,180,1.57,0
126,Silver Treasure,TR5/TR10,グレート・グラスパー,Great Grasper,Nature,DM22-RP1,https://duelmasters.fandom.com/wiki/Great_Grasper,1280,11.14,0
127,Silver Treasure,TR6/TR10,流星のガイアッシュ・カイザー,"Gaiash Kaiser, the Meteor",Water/Nature,DM22-RP1,"https://duelmasters.fandom.com/wiki/Gaiash_Kaiser,_the_Meteor",2980,25.93,0
128,Silver Treasure,TR7/TR10,The邪悪寄成ギョウ,"Gyou Kinari, The Wicked Evil",Water/Darkness/Nature,DM22-RP1,"https://duelmasters.fandom.com/wiki/Gyou_Kinari,_The_Wicked_Evil",780,6.79,0
129,Silver Treasure,TR8/TR10,神の試練,Trial of God,Water,DM22-RP1,https://duelmasters.fandom.com/wiki/Trial_of_God,320,2.78,0
130,Silver Treasure,TR9/TR10,“逆悪襲” ブランド,Galaxy Brand,Fire,DM22-RP1,https://duelmasters.fandom.com/wiki/Galaxy_Brand,580,5.05,0
131,Silver Treasure,TR10/TR10,アカシック・ファイナル,Akashic Final,Light/Water/Fire,DM22-RP1,https://duelmasters.fandom.com/wiki/Akashic_Final,780,6.79,0
132,Bronze Treasure,TF1/TF20,冥界の不死帝ブルース,"Bruce, Clearly Drive / ""No hesitation. I have decided on what I must do.""",Darkness,DM22-RP1,"https://duelmasters.fandom.com/wiki/Bruce,_Clearly_Drive_/_%22No_hesitation._I_have_decided_on_what_I_must_do.%22",180,1.57,0
133,Black Treasure,T1/T20,冥界の不死帝ブルース,"Bruce, Clearly Drive / ""No hesitation. I have decided on what I must do.""",Darkness,DM22-RP1,"https://duelmasters.fandom.com/wiki/Bruce,_Clearly_Drive_/_%22No_hesitation._I_have_decided_on_what_I_must_do.%22",120,1.04,0
134,Bronze Treasure,TF2/TF20,ボルシャック・ドラゴン,Bolshack Dragon / Duelist Charger,Fire,DM22-RP1,https://duelmasters.fandom.com/wiki/Bolshack_Dragon_/_Duelist_Charger,220,1.91,0
135,Black Treasure,T2/T20,ボルシャック・ドラゴン,Bolshack Dragon / Duelist Charger,Fire,DM22-RP1,https://duelmasters.fandom.com/wiki/Bolshack_Dragon_/_Duelist_Charger,80,0.7,0
136,Bronze Treasure,TF3/TF20,ボルシャック・スーパーヒーロー,Bolshack Superhero / Superhero Time,Fire,DM22-RP1,https://duelmasters.fandom.com/wiki/Bolshack_Superhero_/_Superhero_Time,320,2.78,0
137,Black Treasure,T3/T20,ボルシャック・スーパーヒーロー,Bolshack Superhero / Superhero Time,Fire,DM22-RP1,https://duelmasters.fandom.com/wiki/Bolshack_Superhero_/_Superhero_Time,80,0.7,0
138,Bronze Treasure,TF4/TF20,ラ・ズーネヨマ・パンツァー,Ra Zuneyoma Panzer / Aurora of Reversal,Nature,DM22-RP1,https://duelmasters.fandom.com/wiki/Ra_Zuneyoma_Panzer_/_Aurora_of_Reversal,120,1.04,0
139,Black Treasure,T4/T20,ラ・ズーネヨマ・パンツァー,Ra Zuneyoma Panzer / Aurora of Reversal,Nature,DM22-RP1,https://duelmasters.fandom.com/wiki/Ra_Zuneyoma_Panzer_/_Aurora_of_Reversal,80,0.7,0
140,Bronze Treasure,TF5/TF20,灼熱の闘志テスタ・ロッサ,"Testa Rossa, Burn the Heart",Water/Fire,DM22-RP1,"https://duelmasters.fandom.com/wiki/Testa_Rossa,_Burn_the_Heart",120,1.04,0
141,Black Treasure,T5/T20,灼熱の闘志テスタ・ロッサ,"Testa Rossa, Burn the Heart",Water/Fire,DM22-RP1,"https://duelmasters.fandom.com/wiki/Testa_Rossa,_Burn_the_Heart",80,0.7,0
142,Bronze Treasure,TF6/TF20,バサラ,Basara,Darkness/Fire,DM22-RP1,https://duelmasters.fandom.com/wiki/Basara_(card),320,2.78,0
143,Black Treasure,T6/T20,バサラ,Basara,Darkness/Fire,DM22-RP1,https://duelmasters.fandom.com/wiki/Basara_(card),180,1.57,0
144,Bronze Treasure,TF7/TF20,ひみつのフィナーレ!,Himitsu no Finale!,Water/Darkness/Fire,DM22-RP1,https://duelmasters.fandom.com/wiki/Himitsu_no_Finale!,120,1.04,0
145,Black Treasure,T7/T20,ひみつのフィナーレ!,Himitsu no Finale!,Water/Darkness/Fire,DM22-RP1,https://duelmasters.fandom.com/wiki/Himitsu_no_Finale!,80,0.7,0
146,Bronze Treasure,TF8/TF20,裁キノ聖堂ラ・ファミリエ,"Ra Familie, Sabakinoseido",Light,DM22-RP1,"https://duelmasters.fandom.com/wiki/Ra_Familie,_Sabakinoseido",120,1.04,0
147,Black Treasure,T8/T20,裁キノ聖堂ラ・ファミリエ,"Ra Familie, Sabakinoseido",Light,DM22-RP1,"https://duelmasters.fandom.com/wiki/Ra_Familie,_Sabakinoseido",80,0.7,0
148,Bronze Treasure,TF9/TF20,ジャスト・ラビリンス,Just Labyrinth,Light,DM22-RP1,https://duelmasters.fandom.com/wiki/Just_Labyrinth,120,1.04,0
149,Black Treasure,T9/T20,ジャスト・ラビリンス,Just Labyrinth,Light,DM22-RP1,https://duelmasters.fandom.com/wiki/Just_Labyrinth,80,0.7,0
150,Bronze Treasure,TF10/TF20,撃髄医スパイナー,"Spiner, Shock Doctor",Darkness,DM22-RP1,"https://duelmasters.fandom.com/wiki/Spiner,_Shock_Doctor",180,1.57,0
151,Black Treasure,T10/T20,撃髄医スパイナー,"Spiner, Shock Doctor",Darkness,DM22-RP1,"https://duelmasters.fandom.com/wiki/Spiner,_Shock_Doctor",120,1.04,0
152,Bronze Treasure,TF11/TF20,Dの花道ズンドコ晴れ舞台,"Zundoko Sunny Stage, Flowery Way of D",Nature,DM22-RP1,"https://duelmasters.fandom.com/wiki/Zundoko_Sunny_Stage,_Flowery_Way_of_D",120,1.04,0
153,Black Treasure,T11/T20,Dの花道ズンドコ晴れ舞台,"Zundoko Sunny Stage, Flowery Way of D",Nature,DM22-RP1,"https://duelmasters.fandom.com/wiki/Zundoko_Sunny_Stage,_Flowery_Way_of_D",80,0.7,0
154,Bronze Treasure,TF12/TF20,テック団の波壊Go!,Team Tech's Wave Go!,Water/Darkness,DM22-RP1,https://duelmasters.fandom.com/wiki/Team_Tech%27s_Wave_Go!,220,1.91,0
155,Black Treasure,T12/T20,テック団の波壊Go!,Team Tech's Wave Go!,Water/Darkness,DM22-RP1,https://duelmasters.fandom.com/wiki/Team_Tech%27s_Wave_Go!,180,1.57,0
156,Bronze Treasure,TF13/TF20,Disジルコン,Diszircon,Water/Darkness/Nature,DM22-RP1,https://duelmasters.fandom.com/wiki/Diszircon,220,1.91,0
157,Black Treasure,T13/T20,Disジルコン,Diszircon,Water/Darkness/Nature,DM22-RP1,https://duelmasters.fandom.com/wiki/Diszircon,120,1.04,0
158,Bronze Treasure,TF14/TF20,戯具ヴァイモデル,"Weimodel, Gig",Darkness,DM22-RP1,"https://duelmasters.fandom.com/wiki/Weimodel,_Gig",120,1.04,0
159,Black Treasure,T14/T20,戯具ヴァイモデル,"Weimodel, Gig",Darkness,DM22-RP1,"https://duelmasters.fandom.com/wiki/Weimodel,_Gig",80,0.7,0
160,Bronze Treasure,TF15/TF20,とこしえの超人,Primal Giant,Nature,DM22-RP1,https://duelmasters.fandom.com/wiki/Primal_Giant,500,4.35,0
161,Black Treasure,T15/T20,とこしえの超人,Primal Giant,Nature,DM22-RP1,https://duelmasters.fandom.com/wiki/Primal_Giant,420,3.65,0
162,Bronze Treasure,TF16/TF20,氷牙レオポル・ディーネ公,"Sir Leopol Deenay, the Ice Fang / Emergency Typhoon",Water,DM22-RP1,"https://duelmasters.fandom.com/wiki/Sir_Leopol_Deenay,_the_Ice_Fang_/_Emergency_Typhoon",180,1.57,0
163,Black Treasure,T16/T20,氷牙レオポル・ディーネ公,"Sir Leopol Deenay, the Ice Fang / Emergency Typhoon",Water,DM22-RP1,"https://duelmasters.fandom.com/wiki/Sir_Leopol_Deenay,_the_Ice_Fang_/_Emergency_Typhoon",120,1.04,0
164,Bronze Treasure,TF17/TF20,堕呪ゴンパドゥ,"Gompadu, Daspell",Water,DM22-RP1,"https://duelmasters.fandom.com/wiki/Gompadu,_Daspell",220,1.91,0
165,Black Treasure,T17/T20,堕呪ゴンパドゥ,"Gompadu, Daspell",Water,DM22-RP1,"https://duelmasters.fandom.com/wiki/Gompadu,_Daspell",180,1.57,0
166,Bronze Treasure,TF18/TF20,鬼面妖蟲ワーム・ゴワルスキー,"Worm Gowarski, Masked Insect",Darkness,DM22-RP1,"https://duelmasters.fandom.com/wiki/Worm_Gowarski,_Masked_Insect",120,1.04,0
167,Black Treasure,T18/T20,鬼面妖蟲ワーム・ゴワルスキー,"Worm Gowarski, Masked Insect",Darkness,DM22-RP1,"https://duelmasters.fandom.com/wiki/Worm_Gowarski,_Masked_Insect",80,0.7,0
168,Bronze Treasure,TF19/TF20,原始サンナップ,"Sannap, Tribe",Nature,DM22-RP1,"https://duelmasters.fandom.com/wiki/Sannap,_Tribe",120,1.04,0
169,Black Treasure,T19/T20,原始サンナップ,"Sannap, Tribe",Nature,DM22-RP1,"https://duelmasters.fandom.com/wiki/Sannap,_Tribe",50,0.43,0
170,Bronze Treasure,TF20/TF20,ボルシャック･栄光･ルピア,Bolshack Glory Lupia,Fire/Nature,DM22-RP1,https://duelmasters.fandom.com/wiki/Bolshack_Glory_Lupia,320,2.78,0
171,Black Treasure,T20/T20,ボルシャック･栄光･ルピア,Bolshack Glory Lupia,Fire/Nature,DM22-RP1,https://duelmasters.fandom.com/wiki/Bolshack_Glory_Lupia,120,1.04,0
